Script,Standard Deviation,Return
BAJFINANCE.NS,0.026132684978432207,-0.004659658898304442
DMART.NS,0.011233451592129988,-9.067100036917184e-06
MARUTI.NS,0.013375309213706131,0.0014875529442104484
RELIANCE.NS,0.011854503484792415,0.0012715164741882185
TECHM.NS,0.016682117755017527,0.0008009444987215826
